{
    "menu": [
      {
        "url": "/home",
        "name": "Dashboard",
        "icon": "menu-icon tf-icons bx bx-home-circle",
        "slug": "dashboard-analytics"
      },
      {
        "menuHeader": "Main Menu"
      },
      {
        "url": "/calendar",
        "name": "Calendar",
        "icon": "menu-icon tf-icons bx bx bx-calendar-x",
        "slug": "pages-account-settings"
      },
      {
        "url": "/admin/events",
        "name": "Events",
        "icon": "menu-icon tf-icons bx bx bx-calendar-event",
        "slug": "pages-account-settings"
      },
      {
        "menuHeader": "Student Management"
      },
      {
        "url": "/admin/students",
        "name": "Student Active",
        "icon": "menu-icon tf-icons bx bx bx-user-pin",
        "slug": "pages-account-settings"
      }
    ]
  }
  