{
    "menu": [
      {
        "url": "/",
        "name": "Dashboard",
        "icon": "menu-icon tf-icons bx bx-home-circle",
        "slug": "dashboard-analytics"
      },
      {
        "menuHeader": "Main Menu"
      },
      {
        "url": "/calendar",
        "name": "Calendar",
        "icon": "menu-icon tf-icons bx bx bx-calendar-x",
        "slug": "pages-account-settings"
      },
      {
        "menuHeader": "Student Management"
      },
      {
        "url": "/admin/students",
        "name": "Student",
        "icon": "menu-icon tf-icons bx bx bx-user-pin",
        "slug": "pages-account-settings"
      },
      {
        "url": "/admin/potential-students",
        "name": "Potential Student",
        "icon": "menu-icon tf-icons bx bx bx-user-pin",
        "slug": "pages-account-settings"
      },
      {
        "menuHeader": "Finance"
      },
      {
        "url": "/admin/invoice",
        "name": "Invoice",
        "icon": "menu-icon tf-icons bx bx bx-task",
        "slug": "pages-account-settings"
      },
      {
        "menuHeader": "Configuration"
      },
      {
        "url": "/admin/configurations/batch",
        "name": "Batch Managament",
        "icon": "menu-icon tf-icons bx bx bx-cog",
        "slug": "pages-account-settings"
      },
      {
        "url": "/admin/configurations/location",
        "name": "Location Managament",
        "icon": "menu-icon tf-icons bx bx bx-cog",
        "slug": "pages-account-settings"
      },
      {
        "url": "/admin/users",
        "name": "Users Managament",
        "icon": "menu-icon tf-icons bx bx bx-user",
        "slug": "pages-account-settings"
      }
    ]
  }
  